model,lr,batch_size,accuracy,precision_macro,recall_macro,f1_macro,specificity_macro,kappa,mcc,auc_roc,duration
YOLOv8,0.001,8,0.9331214557091432,0.9431214557091432,0.9231214557091432,0.921963483772002,0.92,0.8331214557091432,0.7831214557091432,0.96017065429546,207.84797280291878
YOLOv8,0.001,16,0.8845795138370584,0.8945795138370584,0.8745795138370583,0.8571528295266356,0.92,0.7845795138370584,0.7345795138370583,0.8928740205988537,221.0187050728058
YOLOv8,0.001,32,0.8843253908940178,0.8943253908940179,0.8743253908940178,0.8803337709162168,0.92,0.7843253908940179,0.7343253908940178,0.9095623970250284,204.44510440137742
YOLOv8,0.0001,8,0.942560789153183,0.952560789153183,0.932560789153183,0.928811993309313,0.92,0.842560789153183,0.792560789153183,0.9516198620778507,134.54527587551726
YOLOv8,0.0001,16,0.8201166897420168,0.8301166897420168,0.8101166897420168,0.8136227485255381,0.92,0.7201166897420168,0.6701166897420168,0.849998653214227,150.91117813917168
YOLOv8,0.0001,32,0.8845958089000525,0.8945958089000525,0.8745958089000525,0.8622835194984947,0.92,0.7845958089000525,0.7345958089000525,0.9242296504415668,120.77156005043639
YOLOv8,1e-05,8,0.8315096812577465,0.8415096812577465,0.8215096812577465,0.8079842380021532,0.92,0.7315096812577465,0.6815096812577465,0.8632854768714973,251.63579832547367
YOLOv8,1e-05,16,0.9320620852552266,0.9420620852552266,0.9220620852552266,0.8893928936954058,0.92,0.8320620852552266,0.7820620852552266,0.9340099603556531,101.23463626081725
YOLOv8,1e-05,32,0.8763103034543688,0.8863103034543688,0.8663103034543688,0.828974621881559,0.92,0.7763103034543688,0.7263103034543688,0.8787108531620772,241.64628332483747
ResNet50,0.001,8,0.873513337676366,0.883513337676366,0.863513337676366,0.8655778341875873,0.92,0.773513337676366,0.7235133376763659,0.9232758479132288,103.50557006249682
ResNet50,0.001,16,0.7992259205093083,0.8092259205093083,0.7892259205093083,0.7969393131088313,0.92,0.6992259205093083,0.6492259205093083,0.8348951176476528,274.14312937520776
ResNet50,0.001,32,0.8795485938974965,0.8895485938974965,0.8695485938974965,0.8308748798533604,0.92,0.7795485938974965,0.7295485938974965,0.9191334297654905,245.9181515803117
ResNet50,0.0001,8,0.835647483797801,0.845647483797801,0.825647483797801,0.8080404748829628,0.92,0.735647483797801,0.6856474837978009,0.8379791457183785,261.6740976250594
ResNet50,0.0001,16,0.840348109488738,0.850348109488738,0.8303481094887379,0.8301308685476682,0.92,0.740348109488738,0.6903481094887379,0.8454975983444378,219.96732328530612
ResNet50,0.0001,32,0.8755601959159202,0.8855601959159202,0.8655601959159201,0.8279102985065129,0.92,0.7755601959159202,0.7255601959159201,0.9243113802869103,288.6396343187022
ResNet50,1e-05,8,0.7967183656710054,0.8067183656710054,0.7867183656710054,0.7891138677210695,0.92,0.6967183656710054,0.6467183656710054,0.8004397897123753,110.61318143717358
ResNet50,1e-05,16,0.8417888188481062,0.8517888188481062,0.8317888188481062,0.8252170960424476,0.92,0.7417888188481062,0.6917888188481062,0.8638958858194284,251.97021165463656
ResNet50,1e-05,32,0.8041894989802721,0.8141894989802722,0.7941894989802721,0.8009681843723907,0.92,0.7041894989802722,0.6541894989802721,0.8513450299812759,165.87377514988225
EfficientNetB0,0.001,8,0.8424916109955389,0.8524916109955389,0.8324916109955389,0.7987058671582798,0.92,0.742491610995539,0.6924916109955389,0.8648349053696278,130.6091816910061
EfficientNetB0,0.001,16,0.8940915372222833,0.9040915372222833,0.8840915372222833,0.8648386684850021,0.92,0.7940915372222833,0.7440915372222833,0.897004119974096,194.75393205964653
EfficientNetB0,0.001,32,0.8579343071931572,0.8679343071931572,0.8479343071931572,0.8549046012289433,0.92,0.7579343071931572,0.7079343071931572,0.8615116221634536,129.9273620488715
EfficientNetB0,0.0001,8,0.8285163909653358,0.8385163909653358,0.8185163909653358,0.8076651902139007,0.92,0.7285163909653358,0.6785163909653358,0.8496007990937056,127.77252248425114
EfficientNetB0,0.0001,16,0.8052574601900607,0.8152574601900607,0.7952574601900607,0.7827308368938487,0.92,0.7052574601900607,0.6552574601900607,0.8510989546973553,162.93392781689698
EfficientNetB0,0.0001,32,0.8030829974262266,0.8130829974262266,0.7930829974262266,0.7596965282707242,0.92,0.7030829974262266,0.6530829974262266,0.8210434298304529,216.49304123198067
EfficientNetB0,1e-05,8,0.8233707341907996,0.8333707341907997,0.8133707341907996,0.8053813080799809,0.92,0.7233707341907997,0.6733707341907996,0.8506606789936437,296.04340684971845
EfficientNetB0,1e-05,16,0.7825017008955664,0.7925017008955664,0.7725017008955664,0.7551785983858182,0.92,0.6825017008955664,0.6325017008955663,0.8032407056710035,196.16208648265763
EfficientNetB0,1e-05,32,0.7947110099516976,0.8047110099516976,0.7847110099516976,0.7769799989302058,0.92,0.6947110099516977,0.6447110099516976,0.8260622975531368,103.01231835026647
MobileNetV2,0.001,8,0.8482022076903986,0.8582022076903986,0.8382022076903985,0.8466074470946168,0.92,0.7482022076903986,0.6982022076903985,0.8824846004679592,197.08396954891492
MobileNetV2,0.001,16,0.8012020825123014,0.8112020825123014,0.7912020825123014,0.7582023227652743,0.92,0.7012020825123014,0.6512020825123014,0.8135846873732371,216.49224791328277
MobileNetV2,0.001,32,0.8733987338657463,0.8833987338657463,0.8633987338657463,0.8717381815823133,0.92,0.7733987338657463,0.7233987338657463,0.8820729546767859,178.47256336221818
MobileNetV2,0.0001,8,0.8565291500229254,0.8665291500229254,0.8465291500229254,0.8233372533795663,0.92,0.7565291500229254,0.7065291500229254,0.8839843395862683,163.0051551068975
MobileNetV2,0.0001,16,0.8337497196886302,0.8437497196886302,0.8237497196886302,0.7841300213577943,0.92,0.7337497196886302,0.6837497196886302,0.8729072612408778,100.73823811244675
MobileNetV2,0.0001,32,0.8273759216725233,0.8373759216725233,0.8173759216725233,0.8057368050805767,0.92,0.7273759216725233,0.6773759216725233,0.8734920103090633,141.22484907156098
MobileNetV2,1e-05,8,0.8304313066861198,0.8404313066861198,0.8204313066861197,0.8128538628524749,0.92,0.7304313066861198,0.6804313066861197,0.8749416879139181,100.40503133502688
MobileNetV2,1e-05,16,0.8101806333777373,0.8201806333777373,0.8001806333777373,0.7824280208280897,0.92,0.7101806333777373,0.6601806333777372,0.8321751557091557,136.5950224173039
MobileNetV2,1e-05,32,0.8723479988628589,0.8823479988628589,0.8623479988628588,0.8720407091699761,0.92,0.7723479988628589,0.7223479988628588,0.8982979385912653,148.4702497643988
0.3,0.3920265780730897,0.2778591409680001,0.2320435991757152,0.18700816559948844,0.16218617046145223,0.880114543594555,0.6832477971591474,1.8615888803203835,EfficientNetB0,0.001,8,70.0757064819336,0.26249998807907104
0.20625,0.08277442432372009,0.13896447467876039,0.06910916173562051,-0.007653665579024091,-0.004051783773100004,0.8566256324039914,0.6010329357087405,1.898590546753627,EfficientNetB0,0.001,16,85.82182216644287,0.16249999403953552
0.1,0.0715464580430822,0.13999999999999999,0.07430087419583219,-0.013233571672960966,-0.011369123392300562,0.8553313352228721,0.5433428401533419,2.0130333528781867,EfficientNetB0,0.001,32,91.67798686027527,0.13750000298023224
0.18125,0.23904718627262816,0.1770108043217287,0.13752813880259235,0.05784953900195282,0.04934687953555883,0.8644579836529537,0.4990312316035066,2.029134638572202,EfficientNetB0,0.0001,8,102.48074078559875,0.1875
0.125,0.10958498023715414,0.17788865546218488,0.10053009507896726,0.025356359780430878,0.020807833537331843,0.8601608513145168,0.5613789073191288,2.054622414477735,EfficientNetB0,0.0001,16,84.57371592521667,0.125
0.18125,0.1231416957026713,0.1463651291237498,0.09187253848907985,0.010793036025162161,0.007528765566551243,0.8581406717900834,0.5005740961940254,1.994394878295001,EfficientNetB0,0.0001,32,68.12668228149414,0.16875000298023224
0.1625,0.11910100838672268,0.16333116318627763,0.12631488530129073,0.016334454540969913,0.015113234415912391,0.8592749745102157,0.49982596255023515,2.011971350952234,EfficientNetB0,1e-05,8,80.2167341709137,0.18125000596046448
0.125,0.07736305048335124,0.10446906035141328,0.08725740585109922,-0.06003630954976206,-0.0579011995843961,0.8487434375924282,0.49624257619671425,1.9607506908359966,EfficientNetB0,1e-05,16,78.06119298934937,0.15625
0.15625,0.08755571193994839,0.14217687074829932,0.07324968176032007,0.020743468132605636,0.014778325123152802,0.8593789758327574,0.5023299803162411,2.0980488847738004,EfficientNetB0,1e-05,32,70.59084510803223,0.11249999701976776
